time,concentration,particles03,particles05,particles10,particles25,particles50,particles100,['Time'],['Temperature'],['Gas'],['Relative Humidity'],['Pressure'],['Altitude']
0,0,6,1,0,0,0,0,15:54:13,34.127265625,177534,100,632.3947117068026,3803.609948010569
1,0,6,1,0,0,0,0,15:54:14,28.671015625,47675,27.81852037470668,1002.5579558991324,89.40130954109816
2,0,6,1,0,0,0,0,15:54:15,28.6909375,49617,27.79827166503938,1002.5490959854942,89.47571098063621
3,0,6,1,0,0,0,0,15:54:16,28.71125,51851,27.761651581403896,1002.5426291892378,89.53001646805389
4,0,6,1,0,0,0,0,15:54:17,28.728828125,54296,27.72481530991161,1002.5314608217,89.62380447960696
5,0,6,1,0,0,0,0,15:54:18,28.746015625,56713,27.67702412369794,1002.5230675168494,89.69428905025678
6,0,6,1,0,0,0,0,15:54:19,28.760859375,59106,27.639982563325397,1002.5227142135327,89.69725600082334
7,0,6,1,0,0,0,0,15:54:20,28.7727734375,61800,27.602710592976827,1002.5242222317913,89.68459205649125
8,0,21,1,0,0,0,0,15:54:21,28.7848828125,64109,27.560001882805466,1002.5191681750362,89.72703476875625
9,0,21,1,0,0,0,0,15:54:22,28.7940625,66704,27.555286622878096,1002.5194245926026,89.72488143360134
10,0,21,1,0,0,0,0,15:54:23,28.8008984375,68553,27.555841795171506,1002.5208260000526,89.71311274728683
11,0,21,1,0,0,0,0,15:54:24,28.8094921875,71225,27.562000834573933,1002.5183505388974,89.73390109007505
12,0,21,1,0,0,0,0,15:54:25,28.8204296875,73530,27.58473637938879,1002.5181778534068,89.73535126391957
13,0,21,1,0,0,0,0,15:54:26,28.8321484375,75376,27.602077128577093,1002.517622716309,89.74001318155698
14,0,21,1,0,0,0,0,15:54:27,28.839765625,77603,27.608159998180138,1002.518641082456,89.73146117119121
15,0,21,1,0,0,0,0,15:54:28,28.849921875,79286,27.614449991674334,1002.5136755217283,89.7731609022938
16,0,21,1,0,0,0,0,15:54:29,28.85421875,81437,27.609336129329595,1002.5038144070869,89.85597295788784
17,0,21,1,0,0,0,0,15:54:30,28.86515625,83293,27.604762748106225,1002.5105372715683,89.79951535111745
18,0,21,1,0,0,0,0,15:54:31,28.8786328125,85149,27.60039598236608,1002.5130000731634,89.77883318972228
19,0,21,1,0,0,0,0,15:54:32,28.8911328125,86910,27.606876878531786,1002.5051613070058,89.84466186999008
20,0,21,1,0,0,0,0,15:54:33,28.9044140625,88464,27.586103842946287,1002.5107361421863,89.79784527018678
21,0,21,1,0,0,0,0,15:54:34,28.91671875,89980,27.570716042158914,1002.5146324491391,89.76512481483333
22,0,21,1,0,0,0,0,15:54:35,28.914375,92352,27.54321512032073,1002.4916343860261,89.95825972729223
23,0,39,1,0,0,0,0,15:54:36,28.9065625,93482,27.526197075990854,1002.4816601297919,90.04202342279014
24,0,39,1,0,0,0,0,15:54:37,28.89484375,94746,27.514324727410173,1002.4822198854386,90.03732258307778
25,0,39,1,0,0,0,0,15:54:38,28.8723828125,94612,27.5452650142384,1002.4729438755238,90.11522298396338
26,0,39,1,0,0,0,0,15:54:39,28.849921875,95798,27.5543628402399,1002.4740129966553,90.10624442081541
27,0,39,1,0,0,0,0,15:54:40,28.829609375,97464,27.580020531717064,1002.4753227275163,90.0952452088449
28,0,39,1,0,0,0,0,15:54:41,28.8133984375,98434,27.6497250893376,1002.4785054784945,90.06851629057867
29,0,36,0,0,0,0,0,15:54:42,28.801875,99837,27.769057082987796,1002.4828446079039,90.03207615316428
30,0,36,0,0,0,0,0,15:54:43,28.7915234375,102142,27.850270925059306,1002.4891967684284,89.97873075108905
31,0,36,0,0,0,0,0,15:54:44,28.7747265625,101402,27.859839080782717,1002.4930935682248,89.94600558762166
32,0,36,0,0,0,0,0,15:54:45,28.7503125,103845,27.84142280788988,1002.4925197549342,89.9508244414254
33,0,36,0,0,0,0,0,15:54:46,28.7190625,106140,27.806041161843023,1002.4974365197119,89.90953378207165
34,0,36,0,0,0,0,0,15:54:47,28.672578125,106814,27.736625403732454,1002.5037499573363,89.856514198702
35,0,36,0,0,0,0,0,15:54:48,28.631953125,108678,27.656807926167748,1002.5028849379321,89.8637785244519
36,0,36,0,0,0,0,0,15:54:49,28.6008984375,109742,27.583285668033934,1002.4960529281656,89.92115307408368
37,0,36,0,0,0,0,0,15:54:50,28.5503125,110391,27.519143253624968,1002.5004616573265,89.88412896167648
38,0,21,0,0,0,0,0,15:54:51,28.508515625,112533,27.455754088201125,1002.5044545876488,89.85059680442195
39,0,21,0,0,0,0,0,15:54:52,28.44640625,113752,27.407120288110733,1002.5062655138993,89.83538889529348
40,0,21,0,0,0,0,0,15:54:53,28.3864453125,114293,27.369587584939968,1002.5117524232925,89.78931072205381
41,0,36,0,0,0,0,0,15:54:54,28.3169140625,114997,27.358543262168453,1002.5042140390276,89.85261690026621
42,0,36,0,0,0,0,0,15:54:55,28.247578125,115075,27.352967444455935,1002.4987143526348,89.89880265412003
43,0,36,0,0,0,0,0,15:54:56,28.185859375,117324,27.380688445751236,1002.4925109912496,89.95089803840537
44,0,36,0,0,0,0,0,15:54:58,28.1415234375,118481,27.398912809404152,1002.4903453923112,89.96908464453755
45,0,36,0,0,0,0,0,15:54:59,28.1040234375,119322,27.41768737030981,1002.4930370673444,89.94648007893834
46,0,36,0,0,0,0,0,15:55:00,28.064765625,120004,27.447218153424117,1002.490976815281,89.96378197848658
47,0,36,0,0,0,0,0,15:55:01,28.0216015625,120261,27.48188637937721,1002.4925253930325,89.95077709296346
48,0,36,0,0,0,0,0,15:55:02,27.9692578125,120693,27.5049174165646,1002.4851657805733,90.01258292870318
49,0,36,0,0,0,0,0,15:55:03,27.9098828125,122719,27.53828309958387,1002.4846428816267,90.01697423455865
50,0,45,1,0,0,0,0,15:55:04,27.8596875,123078,27.583295368124315,1002.4792327699711,90.06240846629271
51,0,45,1,0,0,0,0,15:55:05,27.8235546875,123621,27.629451385482376,1002.4807850814391,90.04937210155029
52,0,45,1,0,0,0,0,15:55:06,27.7971875,124814,27.670952359174777,1002.480192423258,90.05434926327389
53,0,24,1,0,0,0,0,15:55:07,27.772578125,125654,27.71260429024587,1002.4877852897281,89.9905843162297
54,0,24,1,0,0,0,0,15:55:08,27.7532421875,126125,27.738320628721088,1002.4889531474378,89.98077667351114
55,0,24,1,0,0,0,0,15:55:09,27.73546875,126410,27.78600004438042,1002.4841999152253,90.02069426827414
56,0,24,1,0,0,0,0,15:55:10,27.7102734375,127175,27.81670946197038,1002.478727259378,90.0666537650513
57,0,24,1,0,0,0,0,15:55:11,27.69015625,129327,27.820534961379188,1002.4733817962348,90.11154529053464
58,0,24,1,0,0,0,0,15:55:12,27.6692578125,129327,27.85705828529637,1002.4632482094021,90.19664830277401
59,0,24,1,0,0,0,0,15:55:13,27.645234375,130027,27.89333417412167,1002.4546219441687,90.26909320602307
60,0,24,1,0,0,0,0,15:55:14,27.6196484375,130735,27.918563245248976,1002.4433055387656,90.36413114830752
61,0,24,1,0,0,0,0,15:55:15,27.599140625,131759,27.92781880499868,1002.4286762241555,90.48699300036515
62,0,24,1,0,0,0,0,15:55:16,27.56828125,132591,27.919843497484635,1002.3549319335017,91.10634419757685
63,0,24,1,0,0,0,0,15:55:17,27.54171875,134071,27.868532825941863,1002.3161178326992,91.43234438672872
64,0,24,1,0,0,0,0,15:55:18,27.5048046875,135257,27.810949432692396,1002.2990747187981,91.57549297433407
65,0,24,1,0,0,0,0,15:55:19,27.4690625,135475,27.775313992944657,1002.2857644104344,91.68729033802813
66,0,24,1,0,0,0,0,15:55:20,27.437421875,136023,27.750932977030395,1002.2726240355706,91.79766155733633
67,0,24,1,0,0,0,0,15:55:21,27.402265625,136687,27.742635277099,1002.2637551276963,91.87215569381482
68,0,24,1,0,0,0,0,15:55:22,27.3675,137357,27.745277553626966,1002.2934042272935,91.6231210252721
69,0,24,1,0,0,0,0,15:55:23,27.325703125,138034,27.736446111546023,1002.3264288857036,91.345740707682
70,0,24,1,0,0,0,0,15:55:24,27.2755078125,138717,27.748747568467692,1002.332946878745,91.29099573254297
71,0,30,6,0,0,0,0,15:55:25,27.2255078125,142117,27.73380484532575,1002.2795853757623,91.73919035460503
72,0,30,6,0,0,0,0,15:55:26,27.1805859375,140221,27.713827062170566,1002.2745194408833,91.78174122417978
73,0,30,6,0,0,0,0,15:55:27,27.1376171875,142479,27.69401384682391,1002.2745264778699,91.78168211751314
74,0,30,6,0,0,0,0,15:55:28,27.1020703125,142963,27.6857012038537,1002.2615027762251,91.891074340169
75,0,30,6,0,0,0,0,15:55:29,27.0719921875,142600,27.683278774625613,1002.2630463596049,91.87810899403453
76,0,30,6,0,0,0,0,15:55:30,27.04171875,143697,27.69173666668899,1002.2573711877197,91.92577774431291
77,0,30,6,0,0,0,0,15:55:31,27.0118359375,144561,27.672989126521557,1002.2747186026105,91.78006837967165
78,0,30,6,0,0,0,0,15:55:32,26.9825390625,144686,27.67607864229165,1002.2982273698124,91.58261008261343
79,0,30,6,0,0,0,0,15:55:33,26.9524609375,144066,27.673659061603747,1002.3152272076634,91.43982487913951
80,0,21,5,0,0,0,0,15:55:34,26.9219921875,145186,27.692993858662355,1002.3195139688579,91.4038197823801
81,0,21,5,0,0,0,0,15:55:35,26.8981640625,146706,27.680184527519593,1002.3266323304281,91.34403196010841
82,0,21,5,0,0,0,0,15:55:36,26.866328125,147737,27.677624838619394,1002.3182422345338,91.41450124083934
83,0,21,5,0,0,0,0,15:55:37,26.8286328125,148128,27.669150176119146,1002.3100749512781,91.48309955400518
84,0,21,5,0,0,0,0,15:55:38,26.790546875,148915,27.67697968047254,1002.2977918928888,91.58626777038577
85,0,21,5,0,0,0,0,15:55:39,26.7341015625,147349,27.672445950585434,1002.3106135670952,91.47857562001549
86,0,78,5,0,0,0,0,15:55:40,26.678828125,149444,27.711561396542294,1002.3305925941361,91.31076946271111
87,0,78,5,0,0,0,0,15:55:41,26.6321484375,149978,27.72958995036842,1002.3498871317008,91.14871498230937
88,0,78,5,0,0,0,0,15:55:42,26.5794140625,150650,27.752577344747873,1002.3759256510035,90.93002192265646
89,0,78,5,0,0,0,0,15:55:43,26.5419140625,150515,27.804023836833828,1002.3817929663174,90.88074398223529
90,0,78,5,0,0,0,0,15:55:44,26.5137890625,151464,27.84534118014161,1002.3694364887618,90.9845228535017
91,0,78,5,0,0,0,0,15:55:45,26.4809765625,150920,27.869940281509233,1002.3438498315903,91.19942188784374
92,0,87,5,0,0,0,0,15:55:46,26.44484375,152149,27.90517329063514,1002.3245683745189,91.361367294363
93,0,87,5,0,0,0,0,15:55:47,26.3930859375,155960,27.928247751534418,1002.312728474957,91.46081213626779
94,0,87,5,0,0,0,0,15:55:48,26.3462109375,153679,27.96807108473343,1002.3024182351692,91.54740994341495
95,0,87,5,0,0,0,0,15:55:49,26.3118359375,152841,28.025270436190528,1002.2913023226538,91.6407755681736
96,0,87,5,0,0,0,0,15:55:50,26.2798046875,153679,28.093587963352984,1002.291089892166,91.64255983878294
97,0,87,5,0,0,0,0,15:55:51,26.2505078125,154527,28.1512373505757,1002.2904308250664,91.64809555298149
98,0,87,5,0,0,0,0,15:55:52,26.217890625,154669,28.181338459135407,1002.2788959298185,91.74498128427108
99,0,87,5,0,0,0,0,15:55:53,26.188984375,154527,28.211744609635392,1002.2840543096166,91.70165408661937
100,0,87,5,0,0,0,0,15:55:54,26.16046875,155816,28.247646992260584,1002.2744262767103,91.78252374999698
101,0,81,1,0,0,0,0,15:55:55,26.1337109375,155671,28.28916041755964,1002.2832784105772,91.70817114679015
102,0,81,1,0,0,0,0,15:55:56,26.106171875,156250,28.330618777534998,1002.2770438152542,91.76053794433811
103,0,81,1,0,0,0,0,15:55:57,26.080390625,155960,28.40502216368924,1002.2755519711245,91.77306856409741
104,0,90,1,0,0,0,0,15:55:58,26.056953125,156105,28.46871319796717,1002.2798124497641,91.73728307079473
105,0,90,1,0,0,0,0,15:55:59,26.035078125,156105,28.54896932835477,1002.2747440253916,91.77985484288263
106,0,90,1,0,0,0,0,15:56:00,26.0176953125,155960,28.62963474549421,1002.2774139925184,91.75742867376437
107,0,90,1,0,0,0,0,15:56:01,26.00421875,156250,28.705186388998538,1002.2747954289516,91.77942308245204
108,0,90,1,0,0,0,0,15:56:02,25.99171875,155671,28.780855909713193,1002.2687084789337,91.83055009682931
109,0,90,1,0,0,0,0,15:56:03,25.979609375,157716,28.85111259060838,1002.2993461121318,91.57321347095979
110,0,90,1,0,0,0,0,15:56:04,25.9645703125,158608,28.91567358476289,1002.3249335164879,91.3583004350359
111,0,90,1,0,0,0,0,15:56:05,25.945625,156395,28.996399708791834,1002.3403538709863,91.22878435507556
112,0,90,1,0,0,0,0,15:56:06,25.9290234375,157273,29.077362021401214,1002.3546608716196,91.10862081477121
113,0,90,1,0,0,0,0,15:56:07,25.9118359375,157126,29.180295167736304,1002.3919883107906,90.79511669083178
114,0,90,1,0,0,0,0,15:56:08,25.889375,156833,29.282856072573253,1002.3996254365524,90.73097548550395
115,0,90,1,0,0,0,0,15:56:09,25.8626171875,157126,29.368616857327567,1002.39127182298,90.80113420949338
116,0,33,1,0,0,0,0,15:56:10,25.8346875,157716,29.454323393021557,1002.3877614812224,90.8306163343813
117,0,33,1,0,0,0,0,15:56:11,25.80421875,157126,29.53435208581722,1002.3850205959133,90.85363612350167
118,0,33,1,0,0,0,0,15:56:12,25.767109375,157864,29.602836919547244,1002.3862756392956,90.84309542293276
119,0,48,6,5,1,0,0,15:56:13,25.7411328125,158012,29.69985223219652,1002.3878368882397,90.82998301650457
120,0,48,6,5,1,0,0,15:56:14,25.7227734375,157568,29.769988862753053,1002.3870804294439,90.83633625824054
121,0,48,6,5,1,0,0,15:56:15,25.707734375,158012,29.84595648685154,1002.3868978293282,90.83786985547535
122,0,48,6,5,1,0,0,15:56:16,25.695234375,157864,29.905612970197147,1002.3859430101637,90.84588906562757
123,0,48,6,5,1,0,0,15:56:17,25.6887890625,157864,29.971331295434002,1002.3799807127449,90.8959645682329
124,0,48,6,5,1,0,0,15:56:18,25.685859375,159209,30.03185279567727,1002.3817945035934,90.8807310711168
125,0,48,6,5,1,0,0,15:56:19,25.689375,158161,30.098478988757826,1002.3844227186145,90.85865750395115
126,0,48,6,5,1,0,0,15:56:20,25.6942578125,159059,30.14866207066089,1002.3928396493374,90.78796661475509
127,0,48,6,5,1,0,0,15:56:21,25.7008984375,158758,30.19348215080524,1002.3905585445896,90.807124776879
128,0,48,6,5,1,0,0,15:56:22,25.7083203125,159059,30.254987745346043,1002.3930559651287,90.78614985959724
129,0,48,6,5,1,0,0,15:56:23,25.7169140625,157568,30.30554842705691,1002.3958571622966,90.76262368439878
130,0,48,6,5,1,0,0,15:56:24,25.723359375,159360,30.350404808110408,1002.3915225896002,90.79902811211318
131,0,33,5,5,1,0,0,15:56:25,25.726875,159815,30.389483375412134,1002.3958665163525,90.76254512337577
132,0,33,5,5,1,0,0,15:56:27,25.732734375,159967,30.41215132530452,1002.3939538115187,90.7786091880745
133,0,33,5,5,1,0,0,15:56:28,25.738984375,158908,30.434857099096146,1002.3892819980842,90.81784603817128
134,0,24,5,5,1,0,0,15:56:29,25.740546875,159511,30.479335204150207,1002.3868269084186,90.83846549651065
135,0,24,5,5,1,0,0,15:56:30,25.7462109375,160731,30.507546835527627,1002.3931577768282,90.78529478144807
136,0,24,5,5,1,0,0,15:56:31,25.7555859375,159815,30.530540045448042,1002.3938719886182,90.7792963873747
137,0,24,5,5,1,0,0,15:56:32,25.7665234375,160578,30.548126390922576,1002.397279062803,90.75068171053388
138,0,24,5,5,1,0,0,15:56:33,25.76828125,159967,30.581562781244806,1002.3985927509124,90.73964858151376
139,0,24,5,5,1,0,0,15:56:34,25.7751171875,159815,30.59880091455706,1002.401794565067,90.71275790329447
140,0,24,5,5,1,0,0,15:56:35,25.78078125,161348,30.615939817048066,1002.3909626880409,90.80373052168899
141,0,24,5,5,1,0,0,15:56:36,25.79171875,160885,30.627989110384313,1002.3960848837149,90.76071114232619
142,0,24,5,5,1,0,0,15:56:37,25.8048046875,161659,30.651328308472856,1002.4014771991481,90.71542332185231
143,0,24,5,5,1,0,0,15:56:38,25.8114453125,161970,30.651905555775805,1002.4026251570959,90.70578212470895
144,0,24,5,5,1,0,0,15:56:39,25.80421875,161503,30.65127737673242,1002.4021835700557,90.70949082022575
145,0,24,5,5,1,0,0,15:56:40,25.792890625,161659,30.633641041051924,1002.3929559538508,90.78698981675224
146,0,24,5,5,1,0,0,15:56:41,25.7876171875,162912,30.616533358680094,1002.397596608418,90.74801477374527
147,0,24,5,5,1,0,0,15:56:42,25.7860546875,162912,30.59975011395057,1002.3983359310789,90.74180550531615
148,0,24,5,5,1,0,0,15:56:43,25.7907421875,162597,30.577962941621458,1002.3892528745258,90.81809063673776
149,0,9,0,0,0,0,0,15:56:44,25.792890625,162597,30.561505968163132,1002.3826583532235,90.87347585939752
150,0,9,0,0,0,0,0,15:56:45,25.793671875,164185,30.53383906719591,1002.3874374531661,90.83333773619401
151,0,9,0,0,0,0,0,15:56:46,25.79171875,163865,30.539216327735485,1002.3875035643792,90.83278249046606
152,0,96,1,0,0,0,0,15:56:47,25.785078125,163546,30.53864094661475,1002.3812064789348,90.88566971523393
153,0,96,1,0,0,0,0,15:56:48,25.782734375,164345,30.5550782296157,1002.3823154859019,90.87635549770265
154,0,96,1,0,0,0,0,15:56:49,25.78234375,163070,30.560591578135778,1002.3730610083834,90.95408133971976
155,0,96,1,0,0,0,0,15:56:50,25.788203125,164345,30.572194775997193,1002.3642814725786,91.02781881242409
156,0,96,1,0,0,0,0,15:56:51,25.7954296875,164506,30.589466240753588,1002.3458441476938,91.18267172443194
157,0,96,1,0,0,0,0,15:56:52,25.79953125,164828,30.606468960723376,1002.308290033291,91.49809142479414
158,0,96,1,0,0,0,0,15:56:53,25.799140625,164990,30.61198441333558,1002.2475471052193,92.00829589122962
159,0,96,1,0,0,0,0,15:56:54,25.7954296875,165477,30.611662211687182,1002.1965289356737,92.43683751625174
160,0,96,1,0,0,0,0,15:56:55,25.7973828125,164990,30.617381345890294,1002.1312441100289,92.98524174142366
161,0,96,1,0,0,0,0,15:56:56,25.7989453125,165152,30.623066822999043,1002.0618534089031,93.56816777052103
162,0,96,1,0,0,0,0,15:56:57,25.799140625,164990,30.634184019340914,1001.9952557014143,94.127661615062
163,0,96,1,0,0,0,0,15:56:58,25.797578125,168462,30.628498068259603,1001.92391339761,94.72704868186065
164,0,96,1,0,0,0,0,15:56:59,25.8001171875,165804,30.639819314538315,1001.8459074830458,95.38246006494663
165,0,96,1,0,0,0,0,15:57:00,25.80578125,166625,30.62921065952541,1001.7629866288813,96.07921243823598
166,0,96,1,0,0,0,0,15:57:01,25.813203125,166625,30.629855435459973,1001.679659551288,96.77942519600029
167,0,96,1,0,0,0,0,15:57:02,25.8208203125,166791,30.630517229068438,1001.6018158049886,97.43360312452165
168,0,96,1,0,0,0,0,15:57:03,25.8298046875,166791,30.61464727526823,1001.5366225527526,97.98150137608158
169,0,96,1,0,0,0,0,15:57:04,25.8378125,167622,30.6042432732776,1001.485192582559,98.41375039271146
170,0,96,1,0,0,0,0,15:57:05,25.8471875,167789,30.605057377927956,1001.4412644630777,98.78296348660538
171,0,96,1,0,0,0,0,15:57:06,25.8555859375,168462,30.594687601697103,1001.4093842166922,99.05092317340386
172,0,96,1,0,0,0,0,15:57:07,25.8512890625,168800,30.57211906262257,1001.3831053524337,99.27180734476511
173,0,96,1,0,0,0,0,15:57:08,25.8409375,169823,30.532388083925785,1001.3721465999666,99.36392134847227
174,0,96,1,0,0,0,0,15:57:09,25.822578125,172259,30.46979799901683,1001.359413261823,99.47095269127952
175,0,96,1,0,0,0,0,15:57:10,25.795234375,172968,30.38984041434844,1001.3569521541614,99.49163990409122
176,0,96,1,0,0,0,0,15:57:11,25.75890625,173862,30.314699753143614,1001.3510298581507,99.54142082797527
177,0,96,1,0,0,0,0,15:57:12,25.714375,173325,30.2444387678906,1001.3550001922055,99.5080474449148
178,0,96,1,0,0,0,0,15:57:13,25.6622265625,174223,30.173571792468426,1001.3578541676884,99.4840578881368
179,0,105,1,0,0,0,0,15:57:14,25.5950390625,175130,30.12910997159335,1001.3485198124192,99.56251954058193
180,0,105,1,0,0,0,0,15:57:15,25.518671875,176602,30.078365034171103,1001.3439421634524,99.6009980334297
181,0,105,1,0,0,0,0,15:57:16,25.438203125,174948,30.077023179314352,1001.3357051502993,99.67023652159622
182,0,18,0,0,0,0,0,15:57:17,25.3645703125,176602,30.06521947468686,1001.3340722682435,99.68396221730508
183,0,18,0,0,0,0,0,15:57:18,25.284296875,177910,30.080473256254667,1001.3364089385062,99.66432061749865
184,0,18,0,0,0,0,0,15:57:19,25.1770703125,178856,30.115525986758467,1001.3368564649244,99.66055880092877
185,0,27,0,0,0,0,0,15:57:20,25.0571484375,178477,30.10531076858259,1001.3290904544123,99.72583850796335
186,0,27,0,0,0,0,0,15:57:21,24.9235546875,177347,30.11603035567424,1001.3302653797955,99.71596226725131
187,0,27,0,0,0,0,0,15:57:22,24.7852734375,178666,30.148440812966147,1001.318140413285,99.81788330815552
188,0,27,0,0,0,0,0,15:57:23,24.6368359375,183743,30.17998910786546,1001.3209769585831,99.7940395528098
189,0,27,0,0,0,0,0,15:57:24,24.5005078125,184550,30.251222817002823,1001.3223274440852,99.78268750727038
190,0,27,0,0,0,0,0,15:57:25,24.355,184348,30.33825924492609,1001.3197520916177,99.80433567226429
191,0,27,0,0,0,0,0,15:57:26,24.2071484375,184348,30.690645319267116,1001.3370093653675,99.65927355103767
192,0,27,0,0,0,0,0,15:57:27,24.07140625,184146,30.88394033969375,1001.3613573317007,99.45461154688634
193,0,27,0,0,0,0,0,15:57:28,23.935078125,182348,30.86110130553585,1001.3657787854917,99.41744650992311
194,0,27,0,0,0,0,0,15:57:29,23.7958203125,182151,30.904516041581612,1001.378747894978,99.30843393909555
195,0,27,0,0,0,0,0,15:57:30,23.6673046875,186391,31.30398135700153,1001.3913478496356,99.20252541452875
196,0,27,0,0,0,0,0,15:57:31,23.538984375,185568,31.120754529542282,1001.3785539350197,99.31006427188711
197,0,27,0,0,0,0,0,15:57:32,23.399921875,181560,31.119828836424436,1001.3693775220639,99.38719701499325
198,0,27,0,0,0,0,0,15:57:33,23.249140625,184753,31.2399340480527,1001.3586921255292,99.4770143072359
199,0,27,0,0,0,0,0,15:57:34,23.0993359375,184348,31.354623479061285,1001.3547242869492,99.51036661451766
200,0,54,9,0,0,0,0,15:57:35,22.9751171875,185773,31.44380655959621,1001.3470005280185,99.57529022310456
201,0,54,9,0,0,0,0,15:57:36,22.8591015625,184348,32.269124333545605,1001.4558806618774,98.66011379510957
202,0,54,9,0,0,0,0,15:57:37,22.7083203125,185979,31.999158889325653,1001.4311593160659,98.86789846981752
203,0,54,9,0,0,0,0,15:57:38,22.5555859375,185773,32.058192689359686,1001.408097408413,99.06173919291383
204,0,54,9,0,0,0,0,15:57:39,22.4356640625,185242,32.25958064141206,1001.3972521001692,99.15289779270255
205,0,54,9,0,0,0,0,15:57:40,22.3255078125,181169,32.43969399046536,1001.377618593818,99.31792629734112
206,0,57,9,0,0,0,0,15:57:41,22.216328125,179429,32.59768993349031,1001.3664524678967,99.41178380686468
207,0,57,9,0,0,0,0,15:57:42,22.1065625,190362,32.85654084899039,1001.3678755970196,99.39982156657632
208,0,57,9,0,0,0,0,15:57:43,21.9841015625,181560,33.09779732522273,1001.3882451378523,99.2286050611862
209,0,48,9,0,0,0,0,15:57:44,21.8721875,176974,33.17750057531727,1001.3824256823183,99.27752030119215
210,0,48,9,0,0,0,0,15:57:45,21.7622265625,186707,33.33039395366816,1001.3833407090663,99.26982905903608
211,0,48,9,0,0,0,0,15:57:46,21.6676953125,185138,33.45669288658628,1001.3665479554156,99.41098117747546
212,0,39,9,0,0,0,0,15:57:47,21.5844921875,188195,33.76981389481089,1001.3539653282645,99.51674617636647
213,0,39,9,0,0,0,0,15:57:48,21.5188671875,176417,34.02307695914993,1001.3700497365779,99.38154666687102
214,0,39,9,0,0,0,0,15:57:49,21.4450390625,187767,34.247725364281,1001.3974932673376,99.15087068981691
215,0,30,9,0,0,0,0,15:57:50,21.3673046875,175496,34.353570072098755,1001.4147409326221,99.00589844878503
216,0,30,9,0,0,0,0,15:57:51,21.279609375,275123,34.50945264625907,1001.4436972099796,98.76251605820997
217,0,30,9,0,0,0,0,15:57:52,20.7925,12917167,34.83231015701446,1001.742074752239,96.25493435087134
218,0,30,9,0,0,0,0,15:57:54,20.758515625,12917167,34.925486942154386,1001.7087825553165,96.53469387591106
219,0,30,9,0,0,0,0,15:57:55,20.69953125,12917167,34.81802774917224,1001.6986105082731,96.6201726758092
220,0,30,9,0,0,0,0,15:57:56,20.637421875,12917167,35.09001329138358,1001.7085511809844,96.53663817686409
221,0,30,9,0,0,0,0,15:57:57,20.5680859375,12917167,35.03251031011359,1001.7076620341551,96.54410992101403
222,0,30,9,0,0,0,0,15:57:58,20.4833203125,12917167,35.20616706260691,1001.7140738141471,96.49023009922725
223,0,30,9,0,0,0,0,15:57:59,20.392109375,12917167,35.373700096692566,1001.7331150662692,96.33022324958083
224,0,45,14,3,0,0,0,15:58:00,20.302265625,12917167,35.54719595449911,1001.7476760233595,96.20786673558196
225,0,45,14,3,0,0,0,15:58:01,20.2159375,12917167,35.73826416706761,1001.7529752205821,96.16333765065241
226,0,45,14,3,0,0,0,15:58:02,20.13390625,12917167,35.90143527742637,1001.7673850369279,96.04225311689608
227,0,45,14,3,0,0,0,15:58:03,20.0520703125,12917167,36.08188316161848,1001.7820998775486,95.91860694392483
228,0,45,14,3,0,0,0,15:58:04,19.971796875,12917167,36.256944107858345,1001.7875840084567,95.87252514928433
229,0,45,14,3,0,0,0,15:58:05,19.88859375,12917167,36.43189087500841,1001.7930630921043,95.82648596950767
230,0,21,6,3,0,0,0,15:58:06,19.804609375,12917167,36.57831084723119,1001.7971563469181,95.79209164787376
231,0,21,6,3,0,0,0,15:58:07,19.7157421875,12917167,36.74728364447482,1001.8029548935777,95.74336849462348
232,0,21,6,3,0,0,0,15:58:08,19.6270703125,12917167,36.91069076833064,1001.7954574657934,95.80636679318917
233,0,24,6,3,0,0,0,15:58:09,19.5337109375,12917167,37.09100205806808,1001.7967972391067,95.79510911233481
234,0,24,6,3,0,0,0,15:58:10,19.44171875,12917167,37.271616005814806,1001.7936713180472,95.82137523267136
235,0,24,6,3,0,0,0,15:58:11,19.351484375,12917167,37.49283928287394,1001.8020517667219,95.75095713773429
236,0,21,6,3,0,0,0,15:58:12,19.253828125,12917167,37.71360598465384,1001.8077176859402,95.7033485921652
237,0,21,6,3,0,0,0,15:58:13,19.1446484375,12917167,37.93350626526291,1001.8001510438916,95.76692823133872
238,0,21,6,3,0,0,0,15:58:14,19.028046875,12917167,38.20491750250293,1001.7898520059848,95.85346778711782
239,0,24,6,3,0,0,0,15:58:16,18.90265625,12917167,38.504791571442524,1001.7982093008061,95.78324402880024
240,0,24,6,3,0,0,0,15:58:17,18.7784375,12917167,38.80526848347712,1001.7932495175697,95.82491949299086
241,0,24,6,3,0,0,0,15:58:18,18.6716015625,12917167,39.14863200059346,1001.7946204552675,95.81339992750658
242,0,24,6,3,0,0,0,15:58:19,18.5743359375,12917167,39.441236042776886,1001.7955763461067,95.80536787996172
243,0,24,6,3,0,0,0,15:58:20,18.4735546875,12917167,39.72813096242051,1001.7937833646084,95.82043373990986
244,0,24,6,3,0,0,0,15:58:21,18.3755078125,12917167,39.95737356222751,1001.7916022015504,95.83876139692616
245,0,33,6,3,0,0,0,15:58:22,18.27453125,12917167,40.16906422205874,1001.7910795058206,95.84315345669978
246,0,33,6,3,0,0,0,15:58:23,18.1723828125,12917167,40.357465906626075,1001.7935657790632,95.82226204433987
247,0,33,6,3,0,0,0,15:58:24,18.0675,12917167,40.545768433418765,1001.7929544305351,95.82739901975258
248,0,54,6,3,0,0,0,15:58:25,17.973359375,12917167,40.71776479823423,1001.7956859589035,95.80444683878973
249,0,54,6,3,0,0,0,15:58:26,17.8950390625,12917167,40.86806768842956,1001.7902472584892,95.85014659213147
250,0,54,6,3,0,0,0,15:58:27,17.81828125,12917167,41.03626376323298,1001.7891908563978,95.8590232424407
251,0,144,7,3,0,0,0,15:58:28,17.7352734375,12917167,41.17457442277333,1001.78403506756,95.90234599791813
252,0,144,7,3,0,0,0,15:58:29,17.65109375,12917167,41.31874048787178,1001.7903712974079,95.84910432840583
253,0,144,7,3,0,0,0,15:58:30,17.5727734375,12917167,41.46361746929573,1001.7899080350329,95.85299699080971
254,1,396,74,5,0,0,0,15:58:31,17.5044140625,12917167,41.61552638947531,1001.7846951869984,95.89679917552782
255,1,468,77,6,1,0,0,15:58:32,17.4333203125,12917167,41.77906455201479,1001.7797953049219,95.93797175825117
256,3,492,77,7,2,0,0,15:58:33,17.3630078125,12917167,41.91331549527543,1001.7813125737514,95.92522247963159
257,3,492,78,8,3,0,0,15:58:34,17.297578125,12917167,42.07769947100764,1001.7709674191894,96.01215086427617
258,3,507,81,9,4,0,0,15:58:35,17.24015625,12917167,42.2194182867277,1001.7728236318057,95.9965534058852
259,3,519,82,10,5,0,0,15:58:36,17.1876171875,12917167,42.39725788157943,1001.7679087746176,96.03785221755574
260,3,522,83,11,6,0,0,15:58:38,17.1378125,12917167,42.52817612416194,1001.7694264289353,96.0250995772442
261,4,516,84,12,7,0,0,15:58:39,17.0829296875,12917167,42.70013995946083,1001.7722677118115,96.00122471042253
262,4,498,85,13,8,0,0,15:58:40,17.0223828125,12917167,42.83606666588482,1001.7703319600696,96.01749053122853
263,4,411,85,14,9,0,0,15:58:41,16.9555859375,12917167,42.989238466073814,1001.7727537532231,95.9971405840397
264,3,147,14,10,10,0,0,15:58:42,16.898359375,12917167,43.14354874608466,1001.7731695916898,95.99364636277691
265,3,102,12,10,10,0,0,15:58:43,16.8387890625,12917167,43.297735988738275,1001.7745747981286,95.9818386561815
266,3,78,12,10,10,0,0,15:58:44,16.7852734375,12917167,43.458647871741434,1001.7746419270258,95.98127458400785
267,3,78,12,10,10,0,0,15:58:45,16.7378125,12917167,43.59055513277281,1001.7733755810218,95.99191546921371
268,3,78,12,10,10,0,0,15:58:46,16.6915234375,12917167,43.73460516287608,1001.7690606145264,96.02817346393404
269,1,75,11,9,9,0,0,15:58:47,16.64796875,12917167,43.867125783343866,1001.7762570797787,95.96770275216456
270,1,75,11,9,9,0,0,15:58:48,16.6079296875,12917167,43.994147143802266,1001.7777134455871,95.95546519303355
271,1,75,11,9,9,0,0,15:58:49,16.5688671875,12917167,44.133312412639356,1001.7876266651095,95.87216671679344
272,1,60,8,8,8,0,0,15:58:50,16.5274609375,12917167,44.27831091231422,1001.7934574972137,95.82317190354503
273,1,60,8,8,8,0,0,15:58:51,16.4899609375,12917167,44.39391846069936,1001.79592274164,95.80245722969084
274,1,60,8,8,8,0,0,15:58:52,16.455390625,12917167,44.521893240618965,1001.8051663332834,95.72478660277712
275,1,66,7,7,7,0,0,15:58:53,16.4251171875,12917167,44.656417704910496,1001.7981972263441,95.78334548641878
276,1,66,7,7,7,0,0,15:58:54,16.400703125,12917167,44.779682869559906,1001.7963387463344,95.79896167710561
277,1,66,7,7,7,0,0,15:58:55,16.378046875,12917167,44.89722189203925,1001.7975340988161,95.78891752424987
278,1,63,6,6,6,0,0,15:58:56,16.356171875,12917167,45.008916943215134,1001.7916302660806,95.83852557891619
279,1,63,6,6,6,0,0,15:58:57,16.334296875,12917167,45.14472363137066,1001.7958706791438,95.80289469405108
280,1,63,6,6,6,0,0,15:58:58,16.313984375,12917167,45.28080554930597,1001.7977527879602,95.78707995251526
281,1,60,5,5,5,0,0,15:59:00,16.290546875,12917167,45.39256847880639,1001.7975808467396,95.7885247170579
282,1,60,5,5,5,0,0,15:59:01,16.2649609375,12917167,45.510187378087494,1001.7987430544943,95.77875907809074
283,1,60,5,5,5,0,0,15:59:02,16.246015625,12917167,45.640670356374926,1001.796233109076,95.79984931262848
284,0,57,4,4,4,0,0,15:59:03,16.2239453125,12917167,45.75280679201181,1001.7967410387974,95.79558134507147
285,0,57,4,4,4,0,0,15:59:04,16.2001171875,12917167,45.88896350588079,1001.8009525181036,95.76019372742083
286,0,57,4,4,4,0,0,15:59:05,16.1798046875,12917167,46.02561322523077,1001.8062032827424,95.71607351991493
287,0,57,4,3,3,0,0,15:59:06,16.1602734375,12917167,46.16850086103573,1001.8077389795915,95.70316967019318
288,0,57,4,3,3,0,0,15:59:07,16.1346875,12917167,46.3350361491834,1001.8122668548739,95.66512382861357
289,0,57,4,3,3,0,0,15:59:08,16.1153515625,12917167,46.502424496787164,1001.8039956299673,95.73462357603961
290,0,120,10,2,2,0,0,15:59:09,16.098359375,12917167,46.63385341476597,1001.8082512378394,95.69886537147356
291,0,120,10,2,2,0,0,15:59:10,16.0852734375,12917167,46.771884967025166,1001.8057765291302,95.71965936360083
292,0,120,10,2,2,0,0,15:59:11,16.074140625,12917167,46.89809987644206,1001.813459259821,95.65510457189382
293,0,93,9,1,1,0,0,15:59:12,16.051875,12917167,46.99277239696883,1001.8085394213435,95.69644388291967
294,0,93,9,1,1,0,0,15:59:13,16.0376171875,12917167,47.11879121076804,1001.8074044189393,95.70598084890075
295,0,93,9,1,1,0,0,15:59:14,16.0239453125,12917167,47.22063111232685,1001.8140483523572,95.65015468879291
296,0,90,8,0,0,0,0,15:59:15,16.0067578125,12917167,47.33430461129448,1001.8128862051612,95.65991969810787
297,0,90,8,0,0,0,0,15:59:16,15.98859375,12917167,47.460121135391624,1001.8235447992153,95.57036058618962
298,0,90,8,0,0,0,0,15:59:17,15.9665234375,12917167,47.57339045339557,1001.8240266895546,95.56631150839065
299,0,90,8,0,0,0,0,15:59:18,15.940546875,12917167,47.69238421216787,1001.8295412818252,95.51997532525732
300,0,90,8,0,0,0,0,15:59:19,15.9098828125,12917167,47.79261090331931,1001.8285883427052,95.5279823506186
301,0,90,8,0,0,0,0,15:59:20,15.8966015625,12917167,47.87044943080247,1001.8325226985994,95.49492415327883
302,0,90,8,0,0,0,0,15:59:22,15.8883984375,12917167,47.936684976590286,1001.8334612697255,95.48703787932465
303,0,90,8,0,0,0,0,15:59:23,15.8735546875,12917167,48.008296130521934,1001.8296067398376,95.51942531766225
304,0,90,8,0,0,0,0,15:59:24,15.8591015625,12917167,48.05553118687034,1001.8348795894132,95.47512056518086
305,0,69,8,0,0,0,0,15:59:25,15.8372265625,12917167,48.0897030283746,1001.8339985782072,95.4825231875393
306,0,69,8,0,0,0,0,15:59:26,15.817890625,12917167,48.12417086548314,1001.8341534568412,95.48122183249271
307,0,69,8,0,0,0,0,15:59:27,15.7973828125,12917167,48.15851032702182,1001.8288888429455,95.52545741106265
308,0,69,8,0,0,0,0,15:59:28,15.78078125,12917167,48.205534986251195,1001.8321080655518,95.49840807847107
309,0,69,8,0,0,0,0,15:59:29,15.75890625,12917167,48.22749693669631,1001.8312197565855,95.50587203638403
310,0,69,8,0,0,0,0,15:59:30,15.738984375,12917167,48.24968476775919,1001.8252804344176,95.5557769396074
311,0,69,8,0,0,0,0,15:59:31,15.7212109375,12917167,48.27212095239249,1001.8247669943707,95.56009110912541
312,0,69,8,0,0,0,0,15:59:32,15.6977734375,12917167,48.29391053155608,1001.8245333889614,95.56205397440438
313,0,69,8,0,0,0,0,15:59:33,15.671015625,12917167,48.32756129602576,1001.8202096285194,95.59838436119402
314,0,69,8,0,0,0,0,15:59:34,15.649140625,12917167,48.3740194394034,1001.8159330366916,95.63431853870311
315,0,69,8,0,0,0,0,15:59:35,15.62765625,12917167,48.39604303630012,1001.8207798648397,95.59359294460722
316,0,69,8,0,0,0,0,15:59:36,15.610078125,12917167,48.45525715697195,1001.8290431404802,95.52416093330571
317,0,66,7,0,0,0,0,15:59:37,15.5923046875,12917167,48.50221546362156,1001.8183855712742,95.61371103591553
318,0,66,7,0,0,0,0,15:59:38,15.5766796875,12917167,48.54943174822427,1001.8165324968659,95.62928155102816
319,0,66,7,0,0,0,0,15:59:39,15.5614453125,12917167,48.60283318701796,1001.8136692247051,95.65334032990023
320,0,0,0,0,0,0,0,15:59:40,15.5458203125,12917167,48.662335334439796,1001.8084364622226,95.69730900639276
321,0,0,0,0,0,0,0,15:59:41,15.5270703125,12917167,48.70923090415045,1001.8095869819953,95.68764166236275
322,0,0,0,0,0,0,0,15:59:42,15.5133984375,12917167,48.775125475067696,1001.8094397530979,95.68887876567763
323,0,0,0,0,0,0,0,15:59:43,15.49875,12917167,48.84706759658789,1001.8177249416264,95.61926199432098
324,0,0,0,0,0,0,0,15:59:45,15.4809765625,12917167,48.89412024142551,1001.817193219365,95.62372980709299
325,0,0,0,0,0,0,0,15:59:46,15.464375,12917167,48.95974094681863,1001.8288315326786,95.52593895791834
326,0,0,0,0,0,0,0,15:59:47,15.447578125,12917167,49.01307598120943,1001.8249304477097,95.55871769558699
327,0,0,0,0,0,0,0,15:59:48,15.4294140625,12917167,49.0908467340421,1001.8237147827812,95.56893230113586
328,0,0,0,0,0,0,0,15:59:49,15.4098828125,12917167,49.15004849491539,1001.8184298649767,95.61333885699428
329,0,0,0,0,0,0,0,15:59:50,15.388984375,12917167,49.23985811056559,1001.820895080571,95.59262484349829
330,0,0,0,0,0,0,0,15:59:51,15.3692578125,12917167,49.34215312578758,1001.815267213062,95.63991315077847
331,0,0,0,0,0,0,0,15:59:52,15.3489453125,12917167,49.41980901052079,1001.8187484364224,95.61066205300004
332,0,0,0,0,0,0,0,15:59:53,15.3383984375,12917167,49.504791196063714,1001.8206525991499,95.5946622956916
333,0,0,0,0,0,0,0,15:59:54,15.323359375,12917167,49.57696592076017,1001.8164260513811,95.63017596322128
334,0,0,0,0,0,0,0,15:59:55,15.314375,12917167,49.62521908553608,1001.8159836629463,95.6338931495146
335,0,0,0,0,0,0,0,15:59:56,15.3102734375,12917167,49.69871553013863,1001.8189746140389,95.60876159072548
336,0,0,0,0,0,0,0,15:59:57,15.3055859375,12917167,49.753669571306766,1001.8226338858314,95.57801452928278
337,0,0,0,0,0,0,0,15:59:58,15.301484375,12917167,49.81487848100946,1001.8205598674757,95.59544147447345
338,0,0,0,0,0,0,0,15:59:59,15.296796875,12917167,49.83901176353864,1001.8191542064775,95.60725256165982
339,0,0,0,0,0,0,0,16:00:00,15.2868359375,12917167,49.881046882200934,1001.8186992318623,95.61107549541694
340,0,0,0,0,0,0,0,16:00:01,15.2798046875,12917167,49.91108741112458,1001.8149021463166,95.64298064130315
341,0,0,0,0,0,0,0,16:00:02,15.2762890625,12917167,49.93537007091676,1001.8138476417043,95.65184117105223
342,0,0,0,0,0,0,0,16:00:03,15.274140625,12917167,49.94746687344299,1001.8101082243754,95.68326188017717
343,0,0,0,0,0,0,0,16:00:04,15.2690625,12917167,49.95304691986165,1001.8130867123734,95.65823492395536
344,0,0,0,0,0,0,0,16:00:05,15.2606640625,12917167,49.92736814955795,1001.8102858642933,95.68176924650471
345,0,0,0,0,0,0,0,16:00:07,15.2534375,12917167,49.92034943078923,1001.812900728659,95.65979766351666
346,0,0,0,0,0,0,0,16:00:08,15.2469921875,12917167,49.901077085882434,1001.8134989407147,95.6547711508869
347,0,0,0,0,0,0,0,16:00:09,15.24015625,12917167,49.8817615254891,1001.8184812787761,95.61290685130466
348,0,0,0,0,0,0,0,16:00:10,15.233515625,12917167,49.86864242147783,1001.8288674560648,95.5256371133327
349,0,0,0,0,0,0,0,16:00:11,15.2278515625,12917167,49.837127278669385,1001.8308247979423,95.5091906522355
350,0,3,1,0,0,0,0,16:00:12,15.2247265625,12917167,49.83059235158944,1001.8236972749572,95.56907941042431
351,0,3,1,0,0,0,0,16:00:13,15.2200390625,12917167,49.82387529815037,1001.8239782125094,95.5667188361147
352,0,3,1,0,0,0,0,16:00:14,15.21359375,12917167,49.798446437190066,1001.8262633480127,95.5475180331654
353,0,3,1,0,0,0,0,16:00:15,15.2098828125,12917167,49.79184487343092,1001.8231799006747,95.57342664284994
354,0,3,1,0,0,0,0,16:00:16,15.2063671875,12917167,49.81610987336788,1001.8187484116974,95.6106622607514
355,0,3,1,0,0,0,0,16:00:17,15.2036328125,12917167,49.865151294507854,1001.8207407484045,95.59392162078493
356,0,105,23,0,0,0,0,16:00:18,15.1985546875,12917167,49.90158736778347,1001.8169653802926,95.62564423254109
357,0,105,23,0,0,0,0,16:00:19,15.19484375,12917167,49.969060418583936,1001.8189456930106,95.60900460026862
358,0,105,23,0,0,0,0,16:00:20,15.1907421875,12917167,50.01180734583032,1001.8185580213086,95.61226202034936
359,0,105,23,0,0,0,0,16:00:21,15.18859375,12917167,50.06714848930899,1001.82157005576,95.58695336086274
360,0,105,23,0,0,0,0,16:00:22,15.1860546875,12917167,50.116281239215496,1001.8272779628003,95.53899276514801
361,0,105,23,0,0,0,0,16:00:23,15.1805859375,12917167,50.15272153774026,1001.8329498221551,95.4913352786879
362,0,105,23,0,0,0,0,16:00:24,15.1766796875,12917167,50.183170293565375,1001.832901797726,95.49173880039626
363,0,105,23,0,0,0,0,16:00:25,15.1704296875,12917167,50.18243694118064,1001.8304617686924,95.51224098424541
364,0,105,23,0,0,0,0,16:00:26,15.16359375,12917167,50.20018122136065,1001.8303774069568,95.51294982891802
365,18,1182,308,91,19,7,5,16:00:27,15.1567578125,12917167,50.20556148933577,1001.8252292688132,95.55620685747253
366,30,1635,443,154,40,8,6,16:00:29,15.1505078125,12917167,50.19246346849314,1001.8329158957829,95.49162034251269
367,33,1761,479,167,41,8,6,16:00:30,15.1442578125,12917167,50.179366648858185,1001.8287874268968,95.52630955471638
368,33,1770,480,168,42,8,6,16:00:31,15.1364453125,12917167,50.19081373402559,1001.835441343689,95.47040047500988
369,34,1992,524,169,43,8,6,16:00:32,15.1278515625,12917167,50.239267210878786,1001.8306081290945,95.51101119943164
370,34,2016,528,170,44,8,6,16:00:33,15.1180859375,12917167,50.262856522527144,1001.8406122703342,95.42695232597094
371,34,2049,533,171,45,8,6,16:00:34,15.103046875,12917167,50.304385326421865,1001.8329967898177,95.4909406363966
372,34,1956,512,172,46,8,6,16:00:35,15.092109375,12917167,50.346404800943056,1001.829145551115,95.52330043286653
373,34,1959,513,173,47,8,6,16:00:36,15.0790234375,12917167,50.37580431917555,1001.8350549905309,95.47364677271476
374,36,2025,532,178,52,9,7,16:00:37,15.0653515625,12917167,50.39276171474995,1001.8331929084712,95.48929276415699
375,19,981,258,90,34,2,2,16:00:38,15.055390625,12917167,50.366838770377186,1001.8344153841955,95.47902100971709
376,7,549,126,28,14,1,1,16:00:39,15.0372265625,12917167,50.37089188075871,1001.8348565812057,95.47531388963995
377,6,426,91,16,14,1,1,16:00:40,15.0235546875,12917167,50.375473071586335,1001.8296171191239,95.51933810624479
378,6,426,91,16,14,1,1,16:00:41,15.01203125,12917167,50.37411926393251,1001.829804932762,95.51776001196164
379,6,426,91,16,14,1,1,16:00:42,15.00109375,12917167,50.3975856787639,1001.8225750607676,95.57850880664833
380,6,417,90,15,13,1,1,16:00:43,14.986640625,12917167,50.45158902780108,1001.8210360568654,95.59144028917704
381,6,417,90,15,13,1,1,16:00:44,14.9774609375,12917167,50.53719000265289,1001.8185531824622,95.6123026788698
382,6,417,90,15,13,1,1,16:00:45,14.9712109375,12917167,50.635568420856444,1001.8144212529693,95.64702137168251
383,3,195,46,14,12,1,1,16:00:46,14.9657421875,12917167,50.69689769773435,1001.8116494162422,95.67031189890801
384,3,195,46,14,12,1,1,16:00:47,14.9614453125,12917167,50.77698869580634,1001.8176671263385,95.61974778897653
385,3,195,46,14,12,1,1,16:00:48,14.95421875,12917167,50.831954454832626,1001.8202712182773,95.59786685250874
386,3,168,41,13,11,1,1,16:00:49,14.94796875,12917167,50.87464237967755,1001.8195133917706,95.60423450067891
387,3,168,41,13,11,1,1,16:00:51,14.9411328125,12917167,50.92968317073931,1001.82785894809,95.53411105814465
388,3,168,41,13,11,1,1,16:00:52,14.9270703125,12917167,50.95905295482132,1001.8253090576334,95.55553643367197
389,3,135,36,12,10,1,1,16:00:53,14.9175,12917167,50.970334851257306,1001.8187693921567,95.61048597197825
390,3,135,36,12,10,1,1,16:00:54,14.908125,12917167,51.00026558144385,1001.814256784809,95.64840332397831
391,3,135,36,12,10,1,1,16:00:55,14.8930859375,12917167,51.06058051229425,1001.8167535821935,95.62742387349203
392,3,126,35,11,9,1,1,16:00:56,14.885078125,12917167,51.14038766320108,1001.8196820854635,95.60281704915123
393,3,126,35,11,9,1,1,16:00:57,14.8688671875,12917167,51.262772698330004,1001.8201366735026,95.59899736663509
394,3,126,35,11,9,1,1,16:00:58,14.8591015625,12917167,51.39222720150598,1001.821690499858,95.58594132901152
395,3,123,34,10,8,1,1,16:00:59,14.8544140625,12917167,51.48502345314976,1001.8169026366013,95.62617143857709
396,3,123,34,10,8,1,1,16:01:00,14.84875,12917167,51.60266597467562,1001.8087272990414,95.69486522348213
397,3,123,34,10,8,1,1,16:01:01,14.84640625,12917167,51.702082515881585,1001.8097074150892,95.68662971317504
398,1,84,24,12,3,0,0,16:01:02,14.8378125,12917167,51.763392235436605,1001.8065528723815,95.71313605583872
399,1,84,24,12,3,0,0,16:01:03,14.8266796875,12917167,51.83065470502274,1001.8107858258832,95.67756828025489
400,1,84,24,12,3,0,0,16:01:04,14.8130078125,12917167,51.88515822087702,1001.8122838099179,95.66498136273454
401,0,51,13,9,2,0,0,16:01:05,14.80421875,12917167,51.965227517928014,1001.8172226444196,95.62348256210818
402,0,51,13,9,2,0,0,16:01:06,14.793671875,12917167,52.02638786697648,1001.8174131883502,95.6218815106493
403,0,51,13,9,2,0,0,16:01:07,14.78234375,12917167,52.112458572662995,1001.8162428181743,95.63171558731774
404,0,30,10,8,1,0,0,16:01:08,14.7805859375,12917167,52.199720723761494,1001.8249898711015,95.55821839172309
405,0,30,10,8,1,0,0,16:01:09,14.7735546875,12917167,52.31765487204002,1001.8211801814582,95.59022928139171
406,0,30,10,8,1,0,0,16:01:10,14.765546875,12917167,52.41051746717755,1001.8173566247183,95.62235678834222
407,0,27,9,7,0,0,0,16:01:11,14.7583203125,12917167,52.491001221404346,1001.8199537270168,95.60053457693844
408,0,27,9,7,0,0,0,16:01:13,14.7505078125,12917167,52.5651865722141,1001.8164698598538,95.62980786087184
409,0,27,9,7,0,0,0,16:01:14,14.7426953125,12917167,52.65819608591934,1001.8231063486725,95.57404466298732
410,0,27,9,7,0,0,0,16:01:15,14.734296875,12917167,52.74491257196534,1001.8236618322302,95.56937721754039
411,0,27,9,7,0,0,0,16:01:16,14.724921875,12917167,52.82527951599895,1001.814082820376,95.64986506939975
412,0,27,9,7,0,0,0,16:01:17,14.7212109375,12917167,52.868730616327774,1001.821114085273,95.59078465497839
413,0,36,12,7,0,0,0,16:01:18,14.7247265625,12917167,52.9569934695906,1001.8154294056956,95.63855031982754
414,0,36,12,7,0,0,0,16:01:19,14.7346875,12917167,53.027250066440146,1001.8108481999236,95.67704417763413
415,0,36,12,7,0,0,0,16:01:20,14.745625,12917167,53.09137412924281,1001.8062802247996,95.71542700603673
416,0,75,21,7,0,0,0,16:01:21,14.75109375,12917167,53.148572730859314,1001.8090563156287,95.69210063227057
417,0,75,21,7,0,0,0,16:01:22,14.7540234375,12917167,53.21176437177072,1001.8225919455751,95.57836693211654
418,0,75,21,7,0,0,0,16:01:23,14.754609375,12917167,53.268405310191156,1001.8202387186606,95.59813993092722
419,0,75,21,7,0,0,0,16:01:24,14.7551953125,12917167,53.29991198870149,1001.8313798037934,95.5045272498048
420,0,75,21,7,0,0,0,16:01:25,14.7587109375,12917167,53.30034188135891,1001.8341283490367,95.48143279875475
421,0,75,21,7,0,0,0,16:01:26,14.76828125,12917167,53.30151224150434,1001.835612780769,95.46895999067102
422,0,75,21,7,0,0,0,16:01:27,14.7786328125,12917167,53.3216427091747,1001.8401441636091,95.43088553437231
423,0,75,21,7,0,0,0,16:01:28,14.7907421875,12917167,53.31683588019777,1001.8409886971125,95.42378944797501
424,0,75,21,7,0,0,0,16:01:29,14.802265625,12917167,53.31824592828363,1001.8357515541761,95.46779395999363
425,1,195,49,10,0,0,0,16:01:30,14.8141796875,12917167,53.31341546701273,1001.8328807880447,95.49191533269111
426,1,195,49,10,0,0,0,16:01:31,14.8247265625,12917167,53.289553896009636,1001.8343765244789,95.47934752522053
427,1,195,49,10,0,0,0,16:01:32,14.8333203125,12917167,53.259169358102454,1001.8358448755549,95.4670098358414
428,0,177,40,3,0,0,0,16:01:33,14.8325390625,12917167,53.221357741414195,1001.8277365115075,95.535139826723
429,0,177,40,3,0,0,0,16:01:35,14.8294140625,12917167,53.18326769106247,1001.8307299656557,95.50998747488245
430,0,177,40,3,0,0,0,16:01:36,14.824140625,12917167,53.163772513885114,1001.8249213652769,95.55879401054565
431,0,177,40,3,0,0,0,16:01:37,14.8231640625,12917167,53.125957330437245,1001.8198469514712,95.60143175999795
432,0,177,40,3,0,0,0,16:01:38,14.8262890625,12917167,53.113775160734434,1001.8236014738318,95.56988437832062
433,0,177,40,3,0,0,0,16:01:39,14.8298046875,12917167,53.11420425163087,1001.8263491904977,95.54679674418492
434,0,177,40,3,0,0,0,16:01:40,14.8329296875,12917167,53.108304116921126,1001.835164684988,95.47272507479212
435,0,177,40,3,0,0,0,16:01:41,14.8391796875,12917167,53.11534858708134,1001.8359256724152,95.46633094783121
436,0,177,40,3,0,0,0,16:01:42,14.842890625,12917167,53.10951991714225,1001.8356393621735,95.46873664287634
437,0,177,40,3,0,0,0,16:01:43,14.8469921875,12917167,53.14143134661407,1001.8326591015717,95.4937780370947
438,0,177,40,3,0,0,0,16:01:44,14.8512890625,12917167,53.179656475765505,1001.8317058625324,95.50178756233805
439,0,177,40,3,0,0,0,16:01:45,14.8548046875,12917167,53.242937762569156,1001.8344533488573,95.47870201484561
440,0,177,40,3,0,0,0,16:01:46,14.85890625,12917167,53.26858637244514,1001.8280986794102,95.53209672542727
441,0,177,40,3,0,0,0,16:01:47,14.8596875,12917167,53.31898630915471,1001.8294590186758,95.52066653718767
442,0,177,40,3,0,0,0,16:01:48,14.8610546875,12917167,53.38834503788589,1001.8284654710641,95.5290147741534
443,0,168,37,3,0,0,0,16:01:49,14.864765625,12917167,53.47060584632562,1001.8248045899827,95.55977521270327
444,0,168,37,3,0,0,0,16:01:50,14.8669140625,12917167,53.55271243129405,1001.8319196669851,95.49999108464284
445,0,168,37,3,0,0,0,16:01:51,14.871015625,12917167,53.55321638152091,1001.8306259370115,95.5108615694476
446,0,129,28,3,0,0,0,16:01:52,14.8743359375,12917167,53.51584565890504,1001.829658904126,95.51898700992852
447,0,129,28,3,0,0,0,16:01:53,14.8747265625,12917167,53.465534150789765,1001.8337132809056,95.48492037518268
448,0,129,28,3,0,0,0,16:01:54,14.8743359375,12917167,53.36480899092574,1001.8364073323073,95.46228384685944
449,0,129,28,3,0,0,0,16:01:55,14.872578125,12917167,53.263972225293976,1001.8299723873627,95.5163529836299
450,0,129,28,3,0,0,0,16:01:57,14.8727734375,12917167,53.175997995816104,1001.8336866740227,95.48514393740244
451,0,129,28,3,0,0,0,16:01:58,14.8735546875,12917167,53.069295655475806,1001.8350470027929,95.47371388897618
452,0,129,28,3,0,0,0,16:01:59,14.8743359375,12917167,52.9814868264828,1001.8397815469741,95.43393237646242
453,0,129,28,3,0,0,0,16:02:00,14.8721875,12917167,52.88708949167039,1001.8444761394604,95.39448670418707
454,0,129,28,3,0,0,0,16:02:01,14.8696484375,12917167,52.81777910893631,1001.8468034095617,95.37493219046418
455,0,9,0,0,0,0,0,16:02:02,14.8641796875,12917167,52.72933310258604,1001.8474034672827,95.36989030767839
456,0,9,0,0,0,0,0,16:02:03,14.8591015625,12917167,52.65977609278084,1001.8486835662738,95.35913450213033
457,0,9,0,0,0,0,0,16:02:04,14.85421875,12917167,52.59027027304218,1001.8536777345923,95.31717199182474
458,0,0,0,0,0,0,0,16:02:05,14.8503125,12917167,52.53969484369793,1001.8435017685518,95.40267371037712
459,0,0,0,0,0,0,0,16:02:06,14.8454296875,12917167,52.501536501570165,1001.8333124434986,95.48828838021079
460,0,0,0,0,0,0,0,16:02:07,14.839375,12917167,52.47576370217415,1001.8295177097057,95.52017338878731
461,0,0,0,0,0,0,0,16:02:08,14.8378125,12917167,52.45053809822774,1001.8284839897176,95.52885917198196
462,0,0,0,0,0,0,0,16:02:09,14.83859375,12917167,52.45689139578115,1001.8332183800983,95.48907874074783
463,0,0,0,0,0,0,0,16:02:10,14.84015625,12917167,52.46959869605733,1001.8359391241088,95.46621792124421
464,0,0,0,0,0,0,0,16:02:11,14.83859375,12917167,52.49444896825611,1001.8365924042853,95.46072879776533
465,0,0,0,0,0,0,0,16:02:12,14.8423046875,12917167,52.5324635881811,1001.8447412191231,95.39225941298562
466,0,0,0,0,0,0,0,16:02:13,14.8425,12917167,52.595114001226065,1001.8501423840794,95.34687705689396
467,0,3,0,0,0,0,0,16:02:14,14.8440625,12917167,52.63915510181307,1001.8629853290888,95.2389672242208
468,0,3,0,0,0,0,0,16:02:15,14.8454296875,12917167,52.67691665976098,1001.860304938724,95.26148848299331
469,0,3,0,0,0,0,0,16:02:16,14.8425,12917167,52.707896882604544,1001.8602645259069,95.26182804118487
470,0,3,0,0,0,0,0,16:02:17,14.8344921875,12917167,52.72572878136339,1001.8665644852861,95.20889440345636
471,0,3,0,0,0,0,0,16:02:19,14.8278515625,12917167,52.73119100514445,1001.8617488894856,95.24935606921034
472,0,3,0,0,0,0,0,16:02:20,14.82453125,12917167,52.743325088171815,1001.8627150097451,95.24123850755187
473,0,3,0,0,0,0,0,16:02:21,14.821015625,12917167,52.755436196499,1001.858280063215,95.27850198692856
474,0,3,0,0,0,0,0,16:02:22,14.8176953125,12917167,52.76130229617242,1001.8626200078558,95.24203673470575
475,0,3,0,0,0,0,0,16:02:23,14.8126171875,12917167,52.76068570071721,1001.8605249706525,95.2596397220817
476,0,36,7,0,0,0,0,16:02:24,14.806171875,12917167,52.75990315568174,1001.8611098620182,95.25472532648445
477,0,36,7,0,0,0,0,16:02:25,14.8005078125,12917167,52.77802398697462,1001.8630550172967,95.23838168845474
478,0,36,7,0,0,0,0,16:02:26,14.792109375,12917167,52.78954408257516,1001.8602383660857,95.26204784229381
479,0,45,7,0,0,0,0,16:02:27,14.7829296875,12917167,52.79469952221288,1001.8560610097703,95.29714705379921
480,0,45,7,0,0,0,0,16:02:28,14.7673046875,12917167,52.78026246647967,1001.8524672544496,95.32734279596163
481,0,45,7,0,0,0,0,16:02:29,14.7596875,12917167,52.78560753995295,1001.8493233635153,95.35375872304706
482,0,45,7,0,0,0,0,16:02:30,14.7565625,12917167,52.78522819932,1001.848941784738,95.3569648684692
483,0,45,7,0,0,0,0,16:02:31,14.751484375,12917167,52.8096923995093,1001.8502192650991,95.34623107883239
484,0,45,7,0,0,0,0,16:02:32,14.75109375,12917167,52.84727235077962,1001.8394183337309,95.43698423237281
485,0,45,7,0,0,0,0,16:02:33,14.7473828125,12917167,52.83427828185456,1001.8380163214475,95.44876448160711
486,0,45,7,0,0,0,0,16:02:34,14.748359375,12917167,52.8218544946192,1001.8430904836517,95.40612947232506
487,0,45,7,0,0,0,0,16:02:35,14.7520703125,12917167,52.816034243986785,1001.8428057296924,95.40852207700144
488,0,45,7,0,0,0,0,16:02:36,14.75421875,12917167,52.797483627535854,1001.8465470895776,95.37708587621061
489,0,45,7,0,0,0,0,16:02:37,14.756171875,12917167,52.77891112517641,1001.8448879499066,95.39102653029343
490,0,45,7,0,0,0,0,16:02:38,14.75734375,12917167,52.76024565392592,1001.8469286871365,95.37387956678046
491,0,45,7,0,0,0,0,16:02:39,14.7565625,12917167,52.741345124684386,1001.8506285795194,95.34279189336858
492,0,45,7,0,0,0,0,16:02:41,14.7508984375,12917167,52.72185444959045,1001.8610063476851,95.25559507822312
493,0,45,7,0,0,0,0,16:02:42,14.7425,12917167,52.70830157578924,1001.8615616384869,95.25092939532597
494,0,54,10,0,0,0,0,16:02:43,14.733125,12917167,52.68836531905137,1001.8553557318489,95.30307299018332
495,0,54,10,0,0,0,0,16:02:44,14.7196484375,12917167,52.686732271839986,1001.8504402958561,95.34437391038851
496,0,54,10,0,0,0,0,16:02:45,14.708515625,12917167,52.70418239118883,1001.8496059447348,95.35138438701561
497,0,51,10,0,0,0,0,16:02:46,14.6977734375,12917167,52.71541420182358,1001.8494513664995,95.35268320176381
498,0,51,10,0,0,0,0,16:02:47,14.6751171875,12917167,52.71266894132229,1001.8504729727958,95.34409934871229
499,0,51,10,0,0,0,0,16:02:48,14.6425,12917167,52.70871809494419,1001.8526956786413,95.32542350910103
500,0,51,10,0,0,0,0,16:02:49,14.6223828125,12917167,52.718814868908254,1001.8564473667574,95.29390077903892
501,0,51,10,0,0,0,0,16:02:50,14.603828125,12917167,52.69777014457386,1001.8561729050956,95.29620687923912
502,0,51,10,0,0,0,0,16:02:51,14.5907421875,12917167,52.70245213683673,1001.8654220270641,95.21849356751056
503,0,51,10,0,0,0,0,16:02:52,14.584296875,12917167,52.664081702258144,1001.8693730890958,95.18529598632257
504,0,51,10,0,0,0,0,16:02:53,14.5774609375,12917167,52.65072668508698,1001.8692708736013,95.18615481917955
505,0,51,10,0,0,0,0,16:02:54,14.5641796875,12917167,52.624067571053644,1001.86805993536,95.19632934417335
506,0,18,3,0,0,0,0,16:02:55,14.551484375,12917167,52.66637808852141,1001.8729276136794,95.15543027942807
507,0,18,3,0,0,0,0,16:02:56,14.54171875,12917167,52.6965210010027,1001.8727800820235,95.15666986323876
508,0,18,3,0,0,0,0,16:02:57,14.53625,12917167,52.752255191423416,1001.8750579786288,95.13753063982833
509,0,9,3,0,0,0,0,16:02:58,14.529609375,12917167,52.77652152886957,1001.8854116364625,95.05053812293416
510,0,9,3,0,0,0,0,16:02:59,14.523359375,12917167,52.77576486642538,1001.8880144291372,95.02866930092738
511,0,9,3,0,0,0,0,16:03:00,14.517109375,12917167,52.76247306726991,1001.887244679509,95.03513677922537
512,0,9,3,0,0,0,0,16:03:01,14.509296875,12917167,52.72392769833347,1001.8854392041134,95.05030649761669
513,0,9,3,0,0,0,0,16:03:03,14.499921875,12917167,52.69146708971749,1001.8893423522511,95.01751202805795
514,0,9,3,0,0,0,0,16:03:04,14.4837109375,12917167,52.65192377749676,1001.8948258146129,94.97143984451186
515,0,9,3,0,0,0,0,16:03:05,14.4637890625,12917167,52.599419702699,1001.9005875247011,94.92303003680877
516,0,9,3,0,0,0,0,16:03:06,14.4235546875,12917167,52.56326363568236,1001.8928791253513,94.98779595145263
517,0,9,3,0,0,0,0,16:03:07,14.3801953125,12917167,52.50796955951883,1001.8898353526059,95.01336981878882
518,0,24,3,0,0,0,0,16:03:08,14.35265625,12917167,52.49213998983259,1001.8924313246322,94.99155838220113
519,0,24,3,0,0,0,0,16:03:09,14.3274609375,12917167,52.48285186674658,1001.8822505056828,95.07709819744346
520,0,24,3,0,0,0,0,16:03:10,14.301875,12917167,52.46100709394552,1001.8815006989095,95.08339814408316
521,0,24,3,0,0,0,0,16:03:11,14.278828125,12917167,52.45823676425992,1001.8818007664908,95.08087694774304
522,0,24,3,0,0,0,0,16:03:12,14.25890625,12917167,52.443333112352335,1001.8824867697197,95.07511308569511
523,0,24,3,0,0,0,0,16:03:13,14.239375,12917167,52.42847870848351,1001.8804807511816,95.09196784642286
524,0,15,0,0,0,0,0,16:03:14,14.2200390625,12917167,52.394891121105125,1001.8821842333434,95.07765502368035
525,0,15,0,0,0,0,0,16:03:15,14.20734375,12917167,52.399620443698765,1001.8819738958751,95.0794222984738
526,0,15,0,0,0,0,0,16:03:16,14.1969921875,12917167,52.41088410994708,1001.8791053812654,95.10352385255115
527,0,24,0,0,0,0,0,16:03:17,14.1864453125,12917167,52.44088601692763,1001.8758961792894,95.13048796305829
528,0,24,0,0,0,0,0,16:03:18,14.1712109375,12917167,52.48909537445775,1001.872945236302,95.15528221143292
529,0,24,0,0,0,0,0,16:03:19,14.1524609375,12917167,52.543151161871094,1001.8773491693003,95.11827975325706
530,0,24,0,0,0,0,0,16:03:20,14.1383984375,12917167,52.591526003743915,1001.8798083643704,95.09761731120312
531,0,24,0,0,0,0,0,16:03:21,14.1159375,12917167,52.62638195778595,1001.8777427855434,95.11497254118977
532,0,24,0,0,0,0,0,16:03:22,14.101484375,12917167,52.68099131150382,1001.8778338497453,95.11420740872238
533,0,24,0,0,0,0,0,16:03:23,14.090546875,12917167,52.72977557716769,1001.8739400671975,95.14692349223151
534,0,24,0,0,0,0,0,16:03:24,14.0637890625,12917167,52.73908103122306,1001.8795470705472,95.09981273024815
535,0,24,0,0,0,0,0,16:03:26,14.042890625,12917167,52.74282894130431,1001.8852520014545,95.05187938745543
536,0,24,0,0,0,0,0,16:03:27,14.0204296875,12917167,52.75891674123666,1001.8865468515655,95.04099997108905
537,0,24,0,0,0,0,0,16:03:28,13.99796875,12917167,52.756213696833356,1001.892893747329,94.98767309732332
538,0,24,0,0,0,0,0,16:03:29,13.9876171875,12917167,52.75496820853975,1001.8917012889433,94.99769215982616
539,0,51,9,1,0,0,0,16:03:30,13.9770703125,12917167,52.766226806560745,1001.8884832931143,95.0247298822258
540,0,51,9,1,0,0,0,16:03:31,13.9649609375,12917167,52.764769967022865,1001.8859112187423,95.04634059873153
541,0,51,9,1,0,0,0,16:03:32,13.9489453125,12917167,52.77537120593872,1001.8849540697106,95.05438263130557
542,0,51,9,1,0,0,0,16:03:33,13.9409375,12917167,52.79320085020919,1001.8945828643232,94.97348111440479
543,0,51,9,1,0,0,0,16:03:34,13.9372265625,12917167,52.84914441619366,1001.8999076660022,94.92874218837397
544,0,51,9,1,0,0,0,16:03:35,13.9286328125,12917167,52.92332271131748,1001.8950377012566,94.96965957190069
545,0,51,9,1,0,0,0,16:03:36,13.9223828125,12917167,52.99154144638791,1001.8993061128108,94.93379642212423
546,0,51,9,1,0,0,0,16:03:37,13.9231640625,12917167,53.09200559919833,1001.8922448215925,94.99312538493743
547,0,51,9,1,0,0,0,16:03:38,13.9247265625,12917167,53.20517727984651,1001.8915988651067,94.99855272768168
548,0,36,9,1,0,0,0,16:03:39,13.9301953125,12917167,53.33774262027361,1001.89776090934,94.9467791914335
549,0,36,9,1,0,0,0,16:03:40,13.939375,12917167,53.45199382921017,1001.8952289406417,94.96805277791684
550,0,36,9,1,0,0,0,16:03:41,13.9442578125,12917167,53.55321408748448,1001.8953157032082,94.96732379860696
551,0,36,9,1,0,0,0,16:03:42,13.9489453125,12917167,53.61670498757022,1001.8967466187092,94.95530125027008
552,0,36,9,1,0,0,0,16:03:43,13.9493359375,12917167,53.673399854835566,1001.8957427574918,94.96373568816622
553,0,36,9,1,0,0,0,16:03:44,13.94875,12917167,53.71110308124861,1001.8947215741722,94.97231567331762
554,0,63,18,4,0,0,0,16:03:45,13.94640625,12917167,53.723410613652945,1001.8956907748549,94.96417244625941
555,0,63,18,4,0,0,0,16:03:46,13.9471875,12917167,53.717209130823235,1001.9037909398227,94.89611508519081
556,0,63,18,4,0,0,0,16:03:48,13.9440625,12917167,53.71053170443463,1001.9084524072188,94.8569497675731
557,0,63,21,5,0,0,0,16:03:49,13.9387890625,12917167,53.69100098385867,1001.9076847358559,94.86339967763156
558,0,63,21,5,0,0,0,16:03:50,13.9346875,12917167,53.65273142740406,1001.9039055366412,94.89515224910156
559,0,63,21,5,0,0,0,16:03:51,13.9341015625,12917167,53.60860523859445,1001.9079381653042,94.86127038433283
560,0,63,21,5,0,0,0,16:03:52,13.9346875,12917167,53.55205020249369,1001.9123286013407,94.82438237252268
561,0,63,21,5,0,0,0,16:03:53,13.9321484375,12917167,53.51400048213323,1001.9129571666034,94.81910123970997
562,0,63,21,5,0,0,0,16:03:54,13.9294140625,12917167,53.469647128376145,1001.9115606931076,94.83083425253284
563,0,63,21,5,0,0,0,16:03:55,13.9290234375,12917167,53.43816262954698,1001.9058260877947,94.87901589848792
564,0,63,21,5,0,0,0,16:03:56,13.9333203125,12917167,53.40096672889955,1001.9116303808904,94.83024874332875
565,0,63,21,5,0,0,0,16:03:57,13.9364453125,12917167,53.37620510493027,1001.9137076252103,94.81279597659999
566,0,63,21,5,0,0,0,16:03:58,13.9372265625,12917167,53.332311713415685,1001.9133846228449,94.81550980322457
567,0,63,21,5,0,0,0,16:03:59,13.933125,12917167,53.31924847335622,1001.9146591943937,94.80480101206881
568,0,63,21,5,0,0,0,16:04:00,13.9301953125,12917167,53.312610739125205,1001.9247145281668,94.72031773884214
569,0,36,12,4,0,0,0,16:04:01,13.928046875,12917167,53.31235037157776,1001.9260238115411,94.70931740413721
570,0,36,12,4,0,0,0,16:04:02,13.933125,12917167,53.294119072866856,1001.9315052907689,94.6632632481604
571,0,36,12,4,0,0,0,16:04:03,13.932734375,12917167,53.26266490159114,1001.9392475151352,94.59821516742271
572,0,36,12,4,0,0,0,16:04:04,13.9290234375,12917167,53.23081427330621,1001.9428872615631,94.5676351403629
573,0,36,12,4,0,0,0,16:04:05,13.9262890625,12917167,53.19280917605701,1001.9448598123162,94.55106241481394
574,0,36,12,4,0,0,0,16:04:06,13.924921875,12917167,53.1612547310382,1001.9492152475619,94.51446956755515
575,0,36,12,4,0,0,0,16:04:07,13.9212109375,12917167,53.11687074065696,1001.9494856062553,94.51219811239068
576,0,36,12,4,0,0,0,16:04:08,13.9165234375,12917167,53.0661060183878,1001.9446846594338,94.55253399091274
577,0,36,12,4,0,0,0,16:04:10,13.91125,12917167,53.021557574034844,1001.9506542963682,94.50237920989943
578,0,36,12,4,0,0,0,16:04:11,13.9034375,12917167,52.982985292587806,1001.9521981581169,94.48940826816506
579,0,36,12,4,0,0,0,16:04:12,13.89875,12917167,52.93225978432075,1001.947396961651,94.52974615569187
580,0,36,12,4,0,0,0,16:04:13,13.895625,12917167,52.91307682818128,1001.9402656248152,94.58966131479666
581,0,45,13,4,0,0,0,16:04:14,13.8934765625,12917167,52.894013644545666,1001.9314674303625,94.66358134208036
582,0,45,13,4,0,0,0,16:04:15,13.893671875,12917167,52.862700852128114,1001.9284388436137,94.68902682253643
583,0,45,13,4,0,0,0,16:04:16,13.896015625,12917167,52.83791773289763,1001.9257858720615,94.71131652276308
584,0,18,4,1,0,0,0,16:04:17,13.886640625,12917167,52.81799335425174,1001.9195526344757,94.76368704140418
585,0,18,4,1,0,0,0,16:04:18,13.872578125,12917167,52.81630201623804,1001.9321002385051,94.65826464332815
586,0,18,4,1,0,0,0,16:04:19,13.85890625,12917167,52.80212873895746,1001.940274064852,94.5895904041641
587,0,9,1,0,0,0,0,16:04:20,13.85265625,12917167,52.77005849963722,1001.9512772531971,94.49714536059804
588,0,9,1,0,0,0,0,16:04:21,13.8503125,12917167,52.70715563624111,1001.9488763341656,94.51731699503743
589,0,9,1,0,0,0,0,16:04:22,13.847578125,12917167,52.65674627005798,1001.944110140254,94.55736091090003
590,0,9,1,0,0,0,0,16:04:23,13.846015625,12917167,52.63152356199995,1001.9346490892399,94.63684985233728
591,0,9,1,0,0,0,0,16:04:24,13.8425,12917167,52.568529399123534,1001.92683681579,94.70248671235508
592,0,9,1,0,0,0,0,16:04:25,13.8450390625,12917167,52.51879090112307,1001.9312625160134,94.66530298274948
593,0,9,1,0,0,0,0,16:04:26,13.8497265625,12917167,52.500589506168424,1001.9225891763355,94.73817454083051
594,0,9,1,0,0,0,0,16:04:27,13.8579296875,12917167,52.70807008316287,1001.9419407004721,94.57558784609455
595,0,9,1,0,0,0,0,16:04:28,13.8680859375,12917167,52.4590140624003,1001.9343769753251,94.63913608164485
596,0,24,2,0,0,0,0,16:04:29,13.8794140625,12917167,52.42285740621808,1001.9238017202885,94.72798697332576
597,0,24,2,0,0,0,0,16:04:30,13.8837109375,12917167,52.417120004315024,1001.9262376580295,94.70752071020084
598,0,24,2,0,0,0,0,16:04:32,13.8805859375,12917167,52.36674400618175,1001.9275287446471,94.69667327424187
599,0,24,2,0,0,0,0,16:04:33,13.881953125,12917167,52.37315692535657,1001.908013576412,94.86063678651935
